date,ctp_avg_pop
2021-12-01,262
2022-01-01,264
2022-02-01,275
2022-03-01,286
2022-04-01,281
2022-05-01,267
2022-06-01,244
2022-07-01,222
2022-08-01,220
2022-09-01,200
2022-10-01,184
2022-11-01,169
2022-12-01,171
2023-01-01,158
2023-02-01,153
2023-03-01,150
2023-04-01,131
2023-05-01,131
2023-06-01,131
2023-07-01,114
2023-08-01,116
2023-09-01,113
2023-10-01,127
2023-11-01,122
2023-12-01,139
2024-01-01,173
2024-02-01,168
2024-03-01,179
2024-04-01,162
2024-05-01,167
2024-06-01,168
2024-07-01,185
2024-08-01,184
2024-09-01,195
2024-10-01,209
2024-11-01,219
